jaar,aantal_vangsten,totaal_vangst,aantal_locaties,aantal_acties,max_vangst,mean_vangst
2016,53,6584,17,53,2212,124.22641509433963
2017,96,8389,32,96,1387,87.38541666666667
2018,105,31919,24,105,3857,303.9904761904762
2019,89,9833,27,89,1372,110.48314606741573
2020,257,33160,76,257,3336,129.0272373540856
2021,338,61169,69,338,2708,180.97337278106508
2022,238,99558,51,238,7592,418.3109243697479
2023,292,54146,61,292,7418,185.43150684931507
2024,274,101394,46,274,12946,370.05109489051097
